revision	run	proof	ms
baseline	1	erlang/sum-contract	127.54
baseline	1	erlang/sum-append	574.98
baseline	1	native/sum-append	13.44
baseline	1	erlang/reverse-contract	12.87
baseline	1	erlang/reverse-involution	10.26
baseline	1	erlang/reverse-append	78.65
baseline	1	native/reverse-involution	1.03
baseline	1	native/reverse-append	5.55
baseline	1	erlang/sets-union-contract	82.41
baseline	1	erlang/sets-union-commutative	54.50
baseline	1	erlang/sets-union-empty	17.63
baseline	1	native/sets-union-contract	15.27
baseline	1	native/sets-union-commutative	170.91
baseline	1	native/sets-union-empty	6.80
baseline	2	erlang/sum-contract	124.51
baseline	2	erlang/sum-append	579.65
baseline	2	native/sum-append	12.67
baseline	2	erlang/reverse-contract	11.50
baseline	2	erlang/reverse-involution	9.47
baseline	2	erlang/reverse-append	77.92
baseline	2	native/reverse-involution	0.88
baseline	2	native/reverse-append	5.08
baseline	2	erlang/sets-union-contract	81.92
baseline	2	erlang/sets-union-commutative	54.46
baseline	2	erlang/sets-union-empty	17.18
baseline	2	native/sets-union-contract	14.63
baseline	2	native/sets-union-commutative	169.30
baseline	2	native/sets-union-empty	6.36
baseline	3	erlang/sum-contract	126.65
baseline	3	erlang/sum-append	575.52
baseline	3	native/sum-append	13.42
baseline	3	erlang/reverse-contract	11.65
baseline	3	erlang/reverse-involution	9.45
baseline	3	erlang/reverse-append	78.84
baseline	3	native/reverse-involution	0.82
baseline	3	native/reverse-append	5.26
baseline	3	erlang/sets-union-contract	80.04
baseline	3	erlang/sets-union-commutative	53.59
baseline	3	erlang/sets-union-empty	17.48
baseline	3	native/sets-union-contract	14.62
baseline	3	native/sets-union-commutative	168.76
baseline	3	native/sets-union-empty	6.63
baseline	4	erlang/sum-contract	127.76
baseline	4	erlang/sum-append	576.32
baseline	4	native/sum-append	13.21
baseline	4	erlang/reverse-contract	12.52
baseline	4	erlang/reverse-involution	10.25
baseline	4	erlang/reverse-append	75.67
baseline	4	native/reverse-involution	1.13
baseline	4	native/reverse-append	5.25
baseline	4	erlang/sets-union-contract	80.62
baseline	4	erlang/sets-union-commutative	53.07
baseline	4	erlang/sets-union-empty	18.21
baseline	4	native/sets-union-contract	14.58
baseline	4	native/sets-union-commutative	171.87
baseline	4	native/sets-union-empty	6.82
baseline	5	erlang/sum-contract	123.37
baseline	5	erlang/sum-append	574.19
baseline	5	native/sum-append	14.15
baseline	5	erlang/reverse-contract	11.48
baseline	5	erlang/reverse-involution	9.44
baseline	5	erlang/reverse-append	77.31
baseline	5	native/reverse-involution	0.84
baseline	5	native/reverse-append	5.76
baseline	5	erlang/sets-union-contract	77.15
baseline	5	erlang/sets-union-commutative	51.45
baseline	5	erlang/sets-union-empty	16.35
baseline	5	native/sets-union-contract	13.71
baseline	5	native/sets-union-commutative	170.85
baseline	5	native/sets-union-empty	6.73
changed	1	erlang/sum-contract	128.22
changed	1	erlang/sum-append	579.71
changed	1	native/sum-append	13.10
changed	1	erlang/reverse-contract	12.58
changed	1	erlang/reverse-involution	9.47
changed	1	erlang/reverse-append	79.31
changed	1	native/reverse-involution	0.71
changed	1	native/reverse-append	5.66
changed	1	erlang/sets-union-contract	80.09
changed	1	erlang/sets-union-commutative	52.62
changed	1	erlang/sets-union-empty	16.72
changed	1	native/sets-union-contract	14.33
changed	1	native/sets-union-commutative	170.32
changed	1	native/sets-union-empty	6.52
changed	2	erlang/sum-contract	132.39
changed	2	erlang/sum-append	575.55
changed	2	native/sum-append	12.99
changed	2	erlang/reverse-contract	11.93
changed	2	erlang/reverse-involution	9.47
changed	2	erlang/reverse-append	77.61
changed	2	native/reverse-involution	0.72
changed	2	native/reverse-append	6.05
changed	2	erlang/sets-union-contract	80.91
changed	2	erlang/sets-union-commutative	52.63
changed	2	erlang/sets-union-empty	16.90
changed	2	native/sets-union-contract	13.19
changed	2	native/sets-union-commutative	169.57
changed	2	native/sets-union-empty	6.79
changed	3	erlang/sum-contract	130.05
changed	3	erlang/sum-append	582.39
changed	3	native/sum-append	13.79
changed	3	erlang/reverse-contract	12.68
changed	3	erlang/reverse-involution	9.22
changed	3	erlang/reverse-append	75.50
changed	3	native/reverse-involution	0.75
changed	3	native/reverse-append	5.36
changed	3	erlang/sets-union-contract	80.04
changed	3	erlang/sets-union-commutative	51.73
changed	3	erlang/sets-union-empty	16.18
changed	3	native/sets-union-contract	14.80
changed	3	native/sets-union-commutative	167.26
changed	3	native/sets-union-empty	7.03
changed	4	erlang/sum-contract	127.27
changed	4	erlang/sum-append	575.65
changed	4	native/sum-append	12.76
changed	4	erlang/reverse-contract	12.77
changed	4	erlang/reverse-involution	10.14
changed	4	erlang/reverse-append	79.09
changed	4	native/reverse-involution	0.83
changed	4	native/reverse-append	5.63
changed	4	erlang/sets-union-contract	79.86
changed	4	erlang/sets-union-commutative	53.67
changed	4	erlang/sets-union-empty	17.15
changed	4	native/sets-union-contract	15.04
changed	4	native/sets-union-commutative	172.23
changed	4	native/sets-union-empty	6.37
changed	5	erlang/sum-contract	123.60
changed	5	erlang/sum-append	573.34
changed	5	native/sum-append	13.82
changed	5	erlang/reverse-contract	11.59
changed	5	erlang/reverse-involution	9.20
changed	5	erlang/reverse-append	76.69
changed	5	native/reverse-involution	0.83
changed	5	native/reverse-append	6.20
changed	5	erlang/sets-union-contract	80.74
changed	5	erlang/sets-union-commutative	53.88
changed	5	erlang/sets-union-empty	15.84
changed	5	native/sets-union-contract	13.59
changed	5	native/sets-union-commutative	170.55
changed	5	native/sets-union-empty	6.26
